File Name	Scan Retention Time	Precursor Charge	Base Sequence	Full Sequence	Peptide Monoisotopic Mass	Protein Accession
SmallCalibratible_Yeast	24.80555	2	KAPAGGAADAAAK	KAPAGGAADAAAK		
SmallCalibratible_Yeast	24.95372	2	KAPAAAPAASK	KAPAAAPAASK		
SmallCalibratible_Yeast	24.77032	2	KQAIETANK	KQAIETANK		
SmallCalibratible_Yeast	24.17319	2	RVDEGGAQDK	RVDEGGAQDK		
SmallCalibratible_Yeast	24.26695	2	KDAEPQSDSTTSK	KDAEPQSDSTTSK		
SmallCalibratible_Yeast	24.10798	2	EKAEAEAEK	EKAEAEAEK		
SmallCalibratible_Yeast	24.06874	2	EKAEAEAEK	EKAEAEAEK		
SmallCalibratible_Yeast	24.77398	2	FKEEDEKESQR	FKEEDEKESQR		
SmallCalibratible_Yeast	24.90638	2	YDHEASSSYK	YDHEASSSYK		
SmallCalibratible_Yeast	24.40345	3	SKDVTDSATTKK	SKDVTDSATTKK		
SmallCalibratible_Yeast	24.71679	2	FKEEDEKESQR	FKEEDEKESQR		
SmallCalibratible_Yeast	24.39968	2	ALKQEGAANK	ALKQEGAANK		
SmallCalibratible_Yeast	24.67303	2	SKDVTDSATTK	SKDVTDSATTK		
SmallCalibratible_Yeast	24.45053	2	KLEDHPK	KLEDHPK		
SmallCalibratible_Yeast	24.77398	1	HIDAGAK	HIDAGAK		
SmallCalibratible_Yeast	24.9022	2	YLAKEEEKK	YLAKEEEKK		
SmallCalibratible_Yeast	24.76278	2	YAGEVSHDDK	YAGEVSHDDK		
